[{"__type__":"cc.SpriteFrame","content":{"name":"bird_died_04","texture":"7esPK7VFdO7b/OpKbgfIWs","rect":[158,1277,3,3],"offset":[-66.5,55.5],"originalSize":[136,114],"capInsets":[0,0,0,0]}},{"__type__":"cc.SpriteFrame","content":{"name":"cloud","texture":"7esPK7VFdO7b/OpKbgfIWs","rect":[737,183,337,78],"offset":[0,0],"originalSize":[337,78],"capInsets":[0,0,0,0]}},{"__type__":"cc.SpriteFrame","content":{"name":"bird_enemy_05","texture":"7esPK7VFdO7b/OpKbgfIWs","rect":[869,1107,184,145],"offset":[0,0],"originalSize":[190,147],"capInsets":[0,0,0,0]}},{"__type__":"cc.SpriteFrame","content":{"name":"red-bird","texture":"7esPK7VFdO7b/OpKbgfIWs","rect":[163,873,299,221],"offset":[0,0],"originalSize":[299,221],"rotated":1,"capInsets":[0,0,0,0]}},{"__type__":"cc.SpriteFrame","content":{"name":"bird_enemy_01","texture":"7esPK7VFdO7b/OpKbgfIWs","rect":[390,1112,188,139],"offset":[1,-1],"originalSize":[190,147],"rotated":1,"capInsets":[0,0,0,0]}},{"__type__":"cc.SpriteFrame","content":{"name":"bird_died_01","texture":"7esPK7VFdO7b/OpKbgfIWs","rect":[1414,1261,110,94],"offset":[8,-4],"originalSize":[136,114],"capInsets":[0,0,0,0]}},{"__type__":"cc.SpriteFrame","content":{"name":"coin_02","texture":"7esPK7VFdO7b/OpKbgfIWs","rect":[307,1302,148,147],"offset":[-6,-5],"originalSize":[160,157],"rotated":1,"capInsets":[0,0,0,0]}},{"__type__":"cc.SpriteFrame","content":{"name":"bird_enemy_died_05","texture":"7esPK7VFdO7b/OpKbgfIWs","rect":[707,1077,3,3],"offset":[-59.5,62.5],"originalSize":[122,128],"capInsets":[0,0,0,0]}},{"__type__":"cc.SpriteFrame","content":{"name":"skeleton-fly_05","texture":"7esPK7VFdO7b/OpKbgfIWs","rect":[1,1277,170,155],"offset":[3,2],"originalSize":[190,187],"rotated":1,"capInsets":[0,0,0,0]}},{"__type__":"cc.SpriteFrame","content":{"name":"bird_box_03","texture":"7esPK7VFdO7b/OpKbgfIWs","rect":[1315,215,235,126],"offset":[-2,1],"originalSize":[259,146],"capInsets":[0,0,0,0]}},{"__type__":"cc.SpriteFrame","content":{"name":"skeleton-fly_09","texture":"7esPK7VFdO7b/OpKbgfIWs","rect":[1055,1167,174,155],"offset":[6,-1],"originalSize":[190,187],"capInsets":[0,0,0,0]}},{"__type__":"cc.SpriteFrame","content":{"name":"bird_enemy_died_04","texture":"7esPK7VFdO7b/OpKbgfIWs","rect":[1298,1160,104,100],"offset":[9,14],"originalSize":[122,128],"rotated":1,"capInsets":[0,0,0,0]}},{"__type__":"cc.SpriteAtlas","_name":"flappybird.plist","_spriteFrames":{"Coin":{"__uuid__":"88VctDfylJ5ZE0+pqacIW+"},"Eggs-Cart":{"__uuid__":"aaMe1/U69ORIRqve2UJbDY"},"Eggs":{"__uuid__":"40TIXtSkhLj6DGEHN4+dej"},"Obstacles-Piller-up":{"__uuid__":"52K14iMnNBloYBz50ImIxu"},"Obstacles-Piller":{"__uuid__":"e8bK8DvYZB379lygxRF411"},"Obstacles":{"__uuid__":"50n1QVBZ5Hmr6hVHW3hbCR"},"Title":{"__uuid__":"c65J0TkK9LOoMQc8DRv0LM"},"bird_blue_01":{"__uuid__":"79KcCymDVLrYee34dHb/gk"},"bird_blue_02":{"__uuid__":"3eJbDPOqFJfpsA1E6xCW2Z"},"bird_blue_03":{"__uuid__":"28Gkip5V5BIYx0wzPD6i8S"},"bird_blue_04":{"__uuid__":"7c9gR1rANLNKrOIWe9F1cT"},"bird_box_00":{"__uuid__":"82Yk2LMmpE9Ig1RI9vF0Cb"},"bird_box_01":{"__uuid__":"5734/W8fNDIK2NyGjNMPtz"},"bird_box_02":{"__uuid__":"47p36AzxZFVKTP1kxFGxgG"},"bird_box_03":{"__uuid__":"1aE4Ood/5Fo515/kVA3LZ+"},"bird_box_04":{"__uuid__":"d4DojMlwVPVbK4YYnqZghY"},"bird_box_05":{"__uuid__":"81u83P71tJwJW7qz5ubSSL"},"bird_box_06":{"__uuid__":"f3qKZc3+RBNoDW8BsZArlX"},"bird_box_07":{"__uuid__":"30wf/p63ZJEKsoF66w+nyo"},"bird_box_08":{"__uuid__":"25NsczvZpI1ZWw8WRfVNSY"},"bird_box_09":{"__uuid__":"6eo3b2zRtIZYynBRB8+Za/"},"bird_box_10":{"__uuid__":"f6bWaW0JRBxq9DUPLBm81A"},"bird_died_01":{"__uuid__":"0dqNR+7dVMMaoXsee6Abft"},"bird_died_02":{"__uuid__":"42trhz2WZLE6/wIBuBgBZi"},"bird_died_03":{"__uuid__":"3dq8rxAH9I5rfmY7nrJBYY"},"bird_died_04":{"__uuid__":"02Lb8Yw4JAbJnz+D0ws130"},"bird_enemy_01":{"__uuid__":"0cfY8wgF5AJIHFCGfzlb5H"},"bird_enemy_02":{"__uuid__":"4dqrdzRYJI2bl2NYANUjXW"},"bird_enemy_03":{"__uuid__":"30GSCIT91LvJMb9mLkXdqO"},"bird_enemy_04":{"__uuid__":"6fCgxUULlK+L3bJInaGbme"},"bird_enemy_05":{"__uuid__":"024pk8NohOtbYHoSLSi3s2"},"bird_enemy_06":{"__uuid__":"f9US80RApChZ24UTy8uMBl"},"bird_enemy_died_01":{"__uuid__":"7eMQue1Z5B6a4OT6BCXZls"},"bird_enemy_died_02":{"__uuid__":"65zyzNE15LoY9zyQ+kS4+d"},"bird_enemy_died_03":{"__uuid__":"9ejG096YFJfJ2tggM1ZlOb"},"bird_enemy_died_04":{"__uuid__":"22t2CH7DhNSJY5NwWKQW1Y"},"bird_enemy_died_05":{"__uuid__":"13g4g2Sk1C15Fn/zk4aL2d"},"bird_enemy_died_06":{"__uuid__":"4f+XTRZg9Em6zP3ZjKZa4P"},"bird_yellow_01":{"__uuid__":"44Nsm4qBBAaJN2rQsOnmhJ"},"bird_yellow_02":{"__uuid__":"9dd354guFOVKAdKKvpKSsA"},"bird_yellow_03":{"__uuid__":"fa19kQgRRKFbc+7RvoEIqS"},"bird_yellow_04":{"__uuid__":"84dqN9Cc5O9Yipus02zGQI"},"bird_yellow_05":{"__uuid__":"bc4QfPE6lPWrQiRtEeokDb"},"bird_yellow_06":{"__uuid__":"84DjPB43hB1IFqgxi48369"},"cloud":{"__uuid__":"02gb2FATVH3JE84iX7QfnK"},"coin_01":{"__uuid__":"7cTlMX2QtMJoPr27j2GCf4"},"coin_02":{"__uuid__":"12Az8Fk05Aob0Um4uWNo7E"},"coin_03":{"__uuid__":"96KmahjYNM24m/FJ/fVAXV"},"coin_04":{"__uuid__":"282UvW9ThBKqRQOA9jfOq3"},"coin_05":{"__uuid__":"a6vf2z275K8qpOUDunzQLT"},"coin_06":{"__uuid__":"d7ZXumut5Mf6yf72mEwn6H"},"magnet_01":{"__uuid__":"daNavLJ8FBsaT77thNRqUR"},"magnet_02":{"__uuid__":"ce+38E+YBAQ57Xgo31e/yl"},"magnet_03":{"__uuid__":"f4Pa85gepJUK0wZtk+3x86"},"magnet_04":{"__uuid__":"c0mRNLge5BjbG5fx/eTTl3"},"magnet_05":{"__uuid__":"41tUNmCOxO/KvY+u7qyLPE"},"magnet_06":{"__uuid__":"73YzFNs59K3q6qPxfIL317"},"red-bird":{"__uuid__":"0ak8meLOtCTL/olA6ZI37G"},"skeleton-fly_01":{"__uuid__":"27WvP/chRPbZo991s0hCT9"},"skeleton-fly_02":{"__uuid__":"91iw79ifRLjZr1ZV5U4opR"},"skeleton-fly_03":{"__uuid__":"f7hGPERVNIZJxllDCQy2mv"},"skeleton-fly_04":{"__uuid__":"a2mME8s/lOJKfjPPHXWgNq"},"skeleton-fly_05":{"__uuid__":"176jhI8sNPXpOruLRedgN1"},"skeleton-fly_06":{"__uuid__":"57NS9MyRNPRYxa4P/ogD/s"},"skeleton-fly_07":{"__uuid__":"b7PqHtQppM95WZ3c0DgPz5"},"skeleton-fly_08":{"__uuid__":"3cobMLEu1GDKqhCTENHhw/"},"skeleton-fly_09":{"__uuid__":"1cYPcJkMFLa4xE7M+5nLCX"},"skeleton-fly_10":{"__uuid__":"4amH27Wk5KzacYiLLtbfx1"},"yello-bird":{"__uuid__":"48NoQgwCxCC6zPa2NxemMo"}}},{"__type__":"cc.SpriteFrame","content":{"name":"bird_box_08","texture":"7esPK7VFdO7b/OpKbgfIWs","rect":[453,614,233,126],"offset":[-4,-1],"originalSize":[259,146],"capInsets":[0,0,0,0]}},{"__type__":"cc.SpriteFrame","content":{"name":"skeleton-fly_01","texture":"7esPK7VFdO7b/OpKbgfIWs","rect":[1544,795,174,155],"offset":[6,-1],"originalSize":[190,187],"capInsets":[0,0,0,0]}},{"__type__":"cc.SpriteFrame","content":{"name":"bird_blue_03","texture":"7esPK7VFdO7b/OpKbgfIWs","rect":[163,629,285,242],"offset":[1,0],"originalSize":[287,244],"capInsets":[0,0,0,0]}},{"__type__":"cc.SpriteFrame","content":{"name":"coin_04","texture":"7esPK7VFdO7b/OpKbgfIWs","rect":[605,1300,148,147],"offset":[-6,-5],"originalSize":[160,157],"rotated":1,"capInsets":[0,0,0,0]}},{"__type__":"cc.SpriteFrame","content":{"name":"bird_enemy_03","texture":"7esPK7VFdO7b/OpKbgfIWs","rect":[1407,662,190,135],"offset":[0,3],"originalSize":[190,147],"rotated":1,"capInsets":[0,0,0,0]}},{"__type__":"cc.SpriteFrame","content":{"name":"bird_box_07","texture":"7esPK7VFdO7b/OpKbgfIWs","rect":[979,504,235,126],"offset":[-2,1],"originalSize":[259,146],"capInsets":[0,0,0,0]}},{"__type__":"cc.SpriteFrame","content":{"name":"skeleton-fly_08","texture":"7esPK7VFdO7b/OpKbgfIWs","rect":[1544,617,176,155],"offset":[7,0],"originalSize":[190,187],"rotated":1,"capInsets":[0,0,0,0]}},{"__type__":"cc.SpriteFrame","content":{"name":"bird_died_03","texture":"7esPK7VFdO7b/OpKbgfIWs","rect":[1605,479,136,114],"offset":[0,0],"originalSize":[136,114],"rotated":1,"capInsets":[0,0,0,0]}},{"__type__":"cc.SpriteFrame","content":{"name":"bird_blue_02","texture":"7esPK7VFdO7b/OpKbgfIWs","rect":[740,263,287,212],"offset":[0,16],"originalSize":[287,244],"capInsets":[0,0,0,0]}},{"__type__":"cc.SpriteFrame","content":{"name":"Eggs","texture":"7esPK7VFdO7b/OpKbgfIWs","rect":[1451,574,91,78],"offset":[0,0],"originalSize":[91,78],"capInsets":[0,0,0,0]}},{"__type__":"cc.SpriteFrame","content":{"name":"magnet_05","texture":"7esPK7VFdO7b/OpKbgfIWs","rect":[1550,1233,102,102],"offset":[0,0],"originalSize":[122,122],"capInsets":[0,0,0,0]}},{"__type__":"cc.SpriteFrame","content":{"name":"bird_died_02","texture":"7esPK7VFdO7b/OpKbgfIWs","rect":[1605,341,136,114],"offset":[0,0],"originalSize":[136,114],"rotated":1,"capInsets":[0,0,0,0]}},{"__type__":"cc.SpriteFrame","content":{"name":"bird_yellow_01","texture":"7esPK7VFdO7b/OpKbgfIWs","rect":[1029,311,222,191],"offset":[-4,-6],"originalSize":[230,217],"capInsets":[0,0,0,0]}},{"__type__":"cc.SpriteFrame","content":{"name":"bird_box_02","texture":"7esPK7VFdO7b/OpKbgfIWs","rect":[1216,534,233,126],"offset":[-4,-1],"originalSize":[259,146],"capInsets":[0,0,0,0]}},{"__type__":"cc.SpriteFrame","content":{"name":"yello-bird","texture":"7esPK7VFdO7b/OpKbgfIWs","rect":[531,1094,204,179],"offset":[0,0],"originalSize":[204,179],"rotated":1,"capInsets":[0,0,0,0]}},{"__type__":"cc.SpriteFrame","content":{"name":"skeleton-fly_10","texture":"7esPK7VFdO7b/OpKbgfIWs","rect":[1542,952,170,155],"offset":[4,-1],"originalSize":[190,187],"capInsets":[0,0,0,0]}},{"__type__":"cc.SpriteFrame","content":{"name":"bird_enemy_02","texture":"7esPK7VFdO7b/OpKbgfIWs","rect":[754,1255,188,137],"offset":[1,1],"originalSize":[190,147],"rotated":1,"capInsets":[0,0,0,0]}},{"__type__":"cc.SpriteFrame","content":{"name":"bird_enemy_died_06","texture":"7esPK7VFdO7b/OpKbgfIWs","rect":[1050,1254,3,3],"offset":[-59.5,62.5],"originalSize":[122,128],"capInsets":[0,0,0,0]}},{"__type__":"cc.SpriteFrame","content":{"name":"Obstacles","texture":"7esPK7VFdO7b/OpKbgfIWs","rect":[163,388,288,239],"offset":[0,0],"originalSize":[288,239],"capInsets":[0,0,0,0]}},{"__type__":"cc.SpriteFrame","content":{"name":"Obstacles-Piller-up","texture":"7esPK7VFdO7b/OpKbgfIWs","rect":[1,388,160,887],"offset":[-6,0],"originalSize":[180,887],"capInsets":[0,0,0,0]}},{"__type__":"cc.SpriteFrame","content":{"name":"skeleton-fly_06","texture":"7esPK7VFdO7b/OpKbgfIWs","rect":[1075,1010,174,155],"offset":[5,2],"originalSize":[190,187],"capInsets":[0,0,0,0]}},{"__type__":"cc.SpriteFrame","content":{"name":"bird_box_01","texture":"7esPK7VFdO7b/OpKbgfIWs","rect":[1477,343,229,126],"offset":[-7,-3],"originalSize":[259,146],"rotated":1,"capInsets":[0,0,0,0]}},{"__type__":"cc.SpriteFrame","content":{"name":"bird_enemy_died_02","texture":"7esPK7VFdO7b/OpKbgfIWs","rect":[1283,853,122,122],"offset":[0,-3],"originalSize":[122,128],"capInsets":[0,0,0,0]}},{"__type__":"cc.SpriteFrame","content":{"name":"bird_box_09","texture":"7esPK7VFdO7b/OpKbgfIWs","rect":[450,742,229,126],"offset":[-7,-3],"originalSize":[259,146],"capInsets":[0,0,0,0]}},{"__type__":"cc.SpriteFrame","content":{"name":"bird_enemy_04","texture":"7esPK7VFdO7b/OpKbgfIWs","rect":[917,825,188,139],"offset":[1,1],"originalSize":[190,147],"capInsets":[0,0,0,0]}},{"__type__":"cc.SpriteFrame","content":{"name":"magnet_06","texture":"7esPK7VFdO7b/OpKbgfIWs","rect":[1526,1337,102,102],"offset":[0,0],"originalSize":[122,122],"capInsets":[0,0,0,0]}},{"__type__":"cc.SpriteFrame","content":{"name":"bird_blue_01","texture":"7esPK7VFdO7b/OpKbgfIWs","rect":[1358,1,287,212],"offset":[0,16],"originalSize":[287,244],"capInsets":[0,0,0,0]}},{"__type__":"cc.SpriteFrame","content":{"name":"coin_01","texture":"7esPK7VFdO7b/OpKbgfIWs","rect":[158,1302,148,147],"offset":[-6,-5],"originalSize":[160,157],"rotated":1,"capInsets":[0,0,0,0]}},{"__type__":"cc.SpriteFrame","content":{"name":"bird_blue_04","texture":"7esPK7VFdO7b/OpKbgfIWs","rect":[453,388,285,224],"offset":[1,9],"originalSize":[287,244],"capInsets":[0,0,0,0]}},{"__type__":"cc.SpriteFrame","content":{"name":"bird_enemy_died_01","texture":"7esPK7VFdO7b/OpKbgfIWs","rect":[1524,988,16,16],"offset":[8,8],"originalSize":[122,128],"capInsets":[0,0,0,0]}},{"__type__":"cc.SpriteFrame","content":{"name":"bird_box_05","texture":"7esPK7VFdO7b/OpKbgfIWs","rect":[1076,183,237,126],"offset":[2,5],"originalSize":[259,146],"capInsets":[0,0,0,0]}},{"__type__":"cc.SpriteFrame","content":{"name":"bird_box_00","texture":"7esPK7VFdO7b/OpKbgfIWs","rect":[163,1174,225,126],"offset":[-10,-5],"originalSize":[259,146],"capInsets":[0,0,0,0]}},{"__type__":"cc.SpriteFrame","content":{"name":"bird_yellow_06","texture":"7esPK7VFdO7b/OpKbgfIWs","rect":[514,870,222,191],"offset":[-4,-6],"originalSize":[230,217],"rotated":1,"capInsets":[0,0,0,0]}},{"__type__":"cc.SpriteFrame","content":{"name":"bird_yellow_04","texture":"7esPK7VFdO7b/OpKbgfIWs","rect":[1187,662,218,189],"offset":[-1,-1],"originalSize":[230,217],"capInsets":[0,0,0,0]}},{"__type__":"cc.SpriteFrame","content":{"name":"Coin","texture":"7esPK7VFdO7b/OpKbgfIWs","rect":[1407,854,133,132],"offset":[0,0],"originalSize":[133,132],"capInsets":[0,0,0,0]}},{"__type__":"cc.SpriteFrame","content":{"name":"skeleton-fly_02","texture":"7esPK7VFdO7b/OpKbgfIWs","rect":[707,920,176,155],"offset":[7,0],"originalSize":[190,187],"capInsets":[0,0,0,0]}},{"__type__":"cc.SpriteFrame","content":{"name":"coin_03","texture":"7esPK7VFdO7b/OpKbgfIWs","rect":[456,1302,148,147],"offset":[-6,-5],"originalSize":[160,157],"rotated":1,"capInsets":[0,0,0,0]}},{"__type__":"cc.SpriteFrame","content":{"name":"bird_yellow_02","texture":"7esPK7VFdO7b/OpKbgfIWs","rect":[1253,343,222,189],"offset":[-4,3],"originalSize":[230,217],"capInsets":[0,0,0,0]}},{"__type__":"cc.SpriteFrame","content":{"name":"bird_enemy_died_03","texture":"7esPK7VFdO7b/OpKbgfIWs","rect":[1050,1324,120,122],"offset":[0,-3],"originalSize":[122,128],"rotated":1,"capInsets":[0,0,0,0]}},{"__type__":"cc.SpriteFrame","content":{"name":"skeleton-fly_04","texture":"7esPK7VFdO7b/OpKbgfIWs","rect":[1107,853,174,155],"offset":[5,2],"originalSize":[190,187],"capInsets":[0,0,0,0]}},{"__type__":"cc.SpriteFrame","content":{"name":"coin_05","texture":"7esPK7VFdO7b/OpKbgfIWs","rect":[1251,1010,148,147],"offset":[-6,-5],"originalSize":[160,157],"rotated":1,"capInsets":[0,0,0,0]}},{"__type__":"cc.SpriteFrame","content":{"name":"Eggs-Cart","texture":"7esPK7VFdO7b/OpKbgfIWs","rect":[1552,215,124,142],"offset":[0,0],"originalSize":[124,142],"rotated":1,"capInsets":[0,0,0,0]}},{"__type__":"cc.SpriteFrame","content":{"name":"skeleton-fly_07","texture":"7esPK7VFdO7b/OpKbgfIWs","rect":[893,1254,176,155],"offset":[7,1],"originalSize":[190,187],"rotated":1,"capInsets":[0,0,0,0]}},{"__type__":"cc.SpriteFrame","content":{"name":"bird_yellow_05","texture":"7esPK7VFdO7b/OpKbgfIWs","rect":[707,733,208,185],"offset":[4,-16],"originalSize":[230,217],"capInsets":[0,0,0,0]}},{"__type__":"cc.SpriteFrame","content":{"name":"magnet_04","texture":"7esPK7VFdO7b/OpKbgfIWs","rect":[1298,1266,114,114],"offset":[0,0],"originalSize":[122,122],"capInsets":[0,0,0,0]}},{"__type__":"cc.SpriteFrame","content":{"name":"Title","texture":"7esPK7VFdO7b/OpKbgfIWs","rect":[1,1,734,385],"offset":[0,0],"originalSize":[734,385],"capInsets":[0,0,0,0]}},{"__type__":"cc.SpriteFrame","content":{"name":"magnet_02","texture":"7esPK7VFdO7b/OpKbgfIWs","rect":[1174,1324,122,122],"offset":[0,0],"originalSize":[122,122],"capInsets":[0,0,0,0]}},{"__type__":"cc.SpriteFrame","content":{"name":"bird_box_04","texture":"7esPK7VFdO7b/OpKbgfIWs","rect":[740,477,237,126],"offset":[0,3],"originalSize":[259,146],"capInsets":[0,0,0,0]}},{"__type__":"cc.SpriteFrame","content":{"name":"coin_06","texture":"7esPK7VFdO7b/OpKbgfIWs","rect":[1400,1112,148,147],"offset":[-6,-5],"originalSize":[160,157],"capInsets":[0,0,0,0]}},{"__type__":"cc.SpriteFrame","content":{"name":"magnet_01","texture":"7esPK7VFdO7b/OpKbgfIWs","rect":[1400,988,122,122],"offset":[0,0],"originalSize":[122,122],"capInsets":[0,0,0,0]}},{"__type__":"cc.SpriteFrame","content":{"name":"Obstacles-Piller","texture":"7esPK7VFdO7b/OpKbgfIWs","rect":[737,1,180,619],"offset":[0,0],"originalSize":[180,619],"rotated":1,"capInsets":[0,0,0,0]}},{"__type__":"cc.SpriteFrame","content":{"name":"bird_box_06","texture":"7esPK7VFdO7b/OpKbgfIWs","rect":[386,873,237,126],"offset":[0,3],"originalSize":[259,146],"rotated":1,"capInsets":[0,0,0,0]}},{"__type__":"cc.SpriteFrame","content":{"name":"magnet_03","texture":"7esPK7VFdO7b/OpKbgfIWs","rect":[1550,1109,122,122],"offset":[0,0],"originalSize":[122,122],"capInsets":[0,0,0,0]}},{"__type__":"cc.SpriteFrame","content":{"name":"bird_box_10","texture":"7esPK7VFdO7b/OpKbgfIWs","rect":[740,605,225,126],"offset":[-10,-5],"originalSize":[259,146],"capInsets":[0,0,0,0]}},{"__type__":"cc.SpriteFrame","content":{"name":"skeleton-fly_03","texture":"7esPK7VFdO7b/OpKbgfIWs","rect":[712,1077,176,155],"offset":[7,1],"originalSize":[190,187],"rotated":1,"capInsets":[0,0,0,0]}},{"__type__":"cc.SpriteFrame","content":{"name":"bird_enemy_06","texture":"7esPK7VFdO7b/OpKbgfIWs","rect":[885,966,188,139],"offset":[1,-1],"originalSize":[190,147],"capInsets":[0,0,0,0]}},{"__type__":"cc.SpriteFrame","content":{"name":"bird_yellow_03","texture":"7esPK7VFdO7b/OpKbgfIWs","rect":[967,632,218,191],"offset":[-3,13],"originalSize":[230,217],"capInsets":[0,0,0,0]}}]