[{"__type__":"cc.Prefab","_name":"obstacle","data":{"__id__":1}},{"__type__":"cc.Node","_name":"obstacle","_children":[{"__id__":2},{"__id__":3}],"_components":[{"__type__":"bf028kW9GJFkLd1gu6rioif","node":{"__id__":1},"objects":[{"__id__":2},{"__id__":3}]}],"_prefab":{"__type__":"cc.PrefabInfo","root":{"__id__":1},"asset":{"__uuid__":"f8QpSh3jBCq4KyqXquX+Vd"},"fileId":"efwCblLj9C1KuCiS0Z9KLQ"},"_trs":{"__type__":"TypedArray","ctor":"Float64Array","array":[0,0,0,0,0,0,1,0.5,0.5,1]}},{"__type__":"cc.Node","_name":"up","_parent":{"__id__":1},"_components":[{"__type__":"cc.Sprite","node":{"__id__":2},"_materials":[{"__uuid__":"ecpdLyjvZBwrvm+cedCcQy"}],"_spriteFrame":{"__uuid__":"52K14iMnNBloYBz50ImIxu"}}],"_prefab":{"__type__":"cc.PrefabInfo","root":{"__id__":1},"asset":{"__uuid__":"f8QpSh3jBCq4KyqXquX+Vd"},"fileId":"6d4oP9Pr5GqL09y6dmNRJY"},"_contentSize":{"__type__":"cc.Size","width":160,"height":887},"_anchorPoint":{"__type__":"cc.Vec2","x":0.5},"_trs":{"__type__":"TypedArray","ctor":"Float64Array","array":[0,200,0,0,0,0,1,1,1,1]}},{"__type__":"cc.Node","_name":"down","_parent":{"__id__":1},"_components":[{"__type__":"cc.Sprite","node":{"__id__":3},"_materials":[{"__uuid__":"ecpdLyjvZBwrvm+cedCcQy"}],"_spriteFrame":{"__uuid__":"52K14iMnNBloYBz50ImIxu"}}],"_prefab":{"__type__":"cc.PrefabInfo","root":{"__id__":1},"asset":{"__uuid__":"f8QpSh3jBCq4KyqXquX+Vd"},"fileId":"a16anmbsVG1ahEuAgh5yYj"},"_contentSize":{"__type__":"cc.Size","width":160,"height":887},"_anchorPoint":{"__type__":"cc.Vec2","x":0.5},"_trs":{"__type__":"TypedArray","ctor":"Float64Array","array":[0,0,0,0,0,0,1,1,-1,1]}}]