[{"__type__":"cc.Prefab","_name":"level - 1","data":{"__id__":1}},{"__type__":"cc.Node","_name":"level","_children":[{"__id__":2},{"__id__":18}],"_components":[{"__type__":"be7ffor7t9B9aM7ssBPEMrX","node":{"__id__":1},"goal":{"__id__":18},"obstacleContainer":{"__id__":2}}],"_prefab":{"__type__":"cc.PrefabInfo","root":{"__id__":1},"asset":{"__uuid__":"b0THbRJGNGAYUJvujrB6x0"},"fileId":"b677FwCW5AApuotrEbs4yi"},"_trs":{"__type__":"TypedArray","ctor":"Float64Array","array":[0,0,0,0,0,0,1,1,1,1]}},{"__type__":"cc.Node","_name":"obstacles","_parent":{"__id__":1},"_children":[{"__id__":3},{"__id__":6},{"__id__":9},{"__id__":12},{"__id__":15}],"_components":[{"__type__":"cc.Layout","node":{"__id__":2},"_layoutSize":{"__type__":"cc.Size","width":1200,"height":200},"_resize":1,"_N$layoutType":1,"_N$spacingX":300}],"_prefab":{"__type__":"cc.PrefabInfo","root":{"__id__":1},"asset":{"__uuid__":"b0THbRJGNGAYUJvujrB6x0"},"fileId":"33N3kNoQBGXr7D/BgP8Fyn"},"_contentSize":{"__type__":"cc.Size","width":1200,"height":200},"_anchorPoint":{"__type__":"cc.Vec2","y":0.5},"_trs":{"__type__":"TypedArray","ctor":"Float64Array","array":[300,0,0,0,0,0,1,1,1,1]}},{"__type__":"cc.Node","_name":"obstacle","_parent":{"__id__":2},"_children":[{"__id__":4},{"__id__":5}],"_components":[{"__type__":"bf028kW9GJFkLd1gu6rioif","node":{"__id__":3},"objects":[{"__id__":4},{"__id__":5}]}],"_prefab":{"__type__":"cc.PrefabInfo","root":{"__id__":1},"asset":{"__uuid__":"b0THbRJGNGAYUJvujrB6x0"},"fileId":"adximkTW1Papo4sUVpPv7V"},"_trs":{"__type__":"TypedArray","ctor":"Float64Array","array":[0,-38.538,0,0,0,0,1,0.5,0.5,1]}},{"__type__":"cc.Node","_name":"up","_parent":{"__id__":3},"_components":[{"__type__":"cc.Sprite","node":{"__id__":4},"_materials":[{"__uuid__":"ecpdLyjvZBwrvm+cedCcQy"}],"_spriteFrame":{"__uuid__":"52K14iMnNBloYBz50ImIxu"}},{"__type__":"cc.BoxCollider","node":{"__id__":4},"_offset":{"__type__":"cc.Vec2","y":443.5},"_size":{"__type__":"cc.Size","width":160,"height":887}}],"_prefab":{"__type__":"cc.PrefabInfo","root":{"__id__":1},"asset":{"__uuid__":"b0THbRJGNGAYUJvujrB6x0"},"fileId":"d1MUDIAiVBira9Su8u4HOm"},"_contentSize":{"__type__":"cc.Size","width":160,"height":887},"_anchorPoint":{"__type__":"cc.Vec2","x":0.5},"_trs":{"__type__":"TypedArray","ctor":"Float64Array","array":[0,350,0,0,0,0,1,1,1,1]}},{"__type__":"cc.Node","_name":"down","_parent":{"__id__":3},"_components":[{"__type__":"cc.Sprite","node":{"__id__":5},"_materials":[{"__uuid__":"ecpdLyjvZBwrvm+cedCcQy"}],"_spriteFrame":{"__uuid__":"52K14iMnNBloYBz50ImIxu"}},{"__type__":"cc.BoxCollider","node":{"__id__":5},"_offset":{"__type__":"cc.Vec2","y":443.5},"_size":{"__type__":"cc.Size","width":160,"height":887}}],"_prefab":{"__type__":"cc.PrefabInfo","root":{"__id__":1},"asset":{"__uuid__":"b0THbRJGNGAYUJvujrB6x0"},"fileId":"2e7Vht3O9LN4F8ajhmMYmq"},"_contentSize":{"__type__":"cc.Size","width":160,"height":887},"_anchorPoint":{"__type__":"cc.Vec2","x":0.5},"_trs":{"__type__":"TypedArray","ctor":"Float64Array","array":[0,-100,0,0,0,0,1,1,-1,1]}},{"__type__":"cc.Node","_name":"obstacle copy","_parent":{"__id__":2},"_children":[{"__id__":7},{"__id__":8}],"_components":[{"__type__":"bf028kW9GJFkLd1gu6rioif","node":{"__id__":6},"objects":[{"__id__":7},{"__id__":8}]}],"_prefab":{"__type__":"cc.PrefabInfo","root":{"__id__":1},"asset":{"__uuid__":"b0THbRJGNGAYUJvujrB6x0"},"fileId":"3biTFyPjJEWIwdAVvQmlQB"},"_trs":{"__type__":"TypedArray","ctor":"Float64Array","array":[300,0.289,0,0,0,0,1,0.5,0.5,1]}},{"__type__":"cc.Node","_name":"up","_parent":{"__id__":6},"_components":[{"__type__":"cc.Sprite","node":{"__id__":7},"_materials":[{"__uuid__":"ecpdLyjvZBwrvm+cedCcQy"}],"_spriteFrame":{"__uuid__":"52K14iMnNBloYBz50ImIxu"}},{"__type__":"cc.BoxCollider","node":{"__id__":7},"_offset":{"__type__":"cc.Vec2","y":443.5},"_size":{"__type__":"cc.Size","width":160,"height":887}}],"_prefab":{"__type__":"cc.PrefabInfo","root":{"__id__":1},"asset":{"__uuid__":"b0THbRJGNGAYUJvujrB6x0"},"fileId":"b9y9Et3KZLE570aIwLGP10"},"_contentSize":{"__type__":"cc.Size","width":160,"height":887},"_anchorPoint":{"__type__":"cc.Vec2","x":0.5},"_trs":{"__type__":"TypedArray","ctor":"Float64Array","array":[0,350,0,0,0,0,1,1,1,1]}},{"__type__":"cc.Node","_name":"down","_parent":{"__id__":6},"_components":[{"__type__":"cc.Sprite","node":{"__id__":8},"_materials":[{"__uuid__":"ecpdLyjvZBwrvm+cedCcQy"}],"_spriteFrame":{"__uuid__":"52K14iMnNBloYBz50ImIxu"}},{"__type__":"cc.BoxCollider","node":{"__id__":8},"_offset":{"__type__":"cc.Vec2","y":443.5},"_size":{"__type__":"cc.Size","width":160,"height":887}}],"_prefab":{"__type__":"cc.PrefabInfo","root":{"__id__":1},"asset":{"__uuid__":"b0THbRJGNGAYUJvujrB6x0"},"fileId":"34dztlFPJKA6kM2YPPSM8s"},"_contentSize":{"__type__":"cc.Size","width":160,"height":887},"_anchorPoint":{"__type__":"cc.Vec2","x":0.5},"_trs":{"__type__":"TypedArray","ctor":"Float64Array","array":[0,-100,0,0,0,0,1,1,-1,1]}},{"__type__":"cc.Node","_name":"obstacle copy","_parent":{"__id__":2},"_children":[{"__id__":10},{"__id__":11}],"_components":[{"__type__":"bf028kW9GJFkLd1gu6rioif","node":{"__id__":9},"objects":[{"__id__":10},{"__id__":11}]}],"_prefab":{"__type__":"cc.PrefabInfo","root":{"__id__":1},"asset":{"__uuid__":"b0THbRJGNGAYUJvujrB6x0"},"fileId":"0a7NOnnKtGDaL41e+ZT7tt"},"_trs":{"__type__":"TypedArray","ctor":"Float64Array","array":[600,-38.538,0,0,0,0,1,0.5,0.5,1]}},{"__type__":"cc.Node","_name":"up","_parent":{"__id__":9},"_components":[{"__type__":"cc.Sprite","node":{"__id__":10},"_materials":[{"__uuid__":"ecpdLyjvZBwrvm+cedCcQy"}],"_spriteFrame":{"__uuid__":"52K14iMnNBloYBz50ImIxu"}},{"__type__":"cc.BoxCollider","node":{"__id__":10},"_offset":{"__type__":"cc.Vec2","y":443.5},"_size":{"__type__":"cc.Size","width":160,"height":887}}],"_prefab":{"__type__":"cc.PrefabInfo","root":{"__id__":1},"asset":{"__uuid__":"b0THbRJGNGAYUJvujrB6x0"},"fileId":"deK9hJReVAAaSKNTNqH+t8"},"_contentSize":{"__type__":"cc.Size","width":160,"height":887},"_anchorPoint":{"__type__":"cc.Vec2","x":0.5},"_trs":{"__type__":"TypedArray","ctor":"Float64Array","array":[0,350,0,0,0,0,1,1,1,1]}},{"__type__":"cc.Node","_name":"down","_parent":{"__id__":9},"_components":[{"__type__":"cc.Sprite","node":{"__id__":11},"_materials":[{"__uuid__":"ecpdLyjvZBwrvm+cedCcQy"}],"_spriteFrame":{"__uuid__":"52K14iMnNBloYBz50ImIxu"}},{"__type__":"cc.BoxCollider","node":{"__id__":11},"_offset":{"__type__":"cc.Vec2","y":443.5},"_size":{"__type__":"cc.Size","width":160,"height":887}}],"_prefab":{"__type__":"cc.PrefabInfo","root":{"__id__":1},"asset":{"__uuid__":"b0THbRJGNGAYUJvujrB6x0"},"fileId":"dfT/fr4L5Jko7WJB1g3+RS"},"_contentSize":{"__type__":"cc.Size","width":160,"height":887},"_anchorPoint":{"__type__":"cc.Vec2","x":0.5},"_trs":{"__type__":"TypedArray","ctor":"Float64Array","array":[0,-100,0,0,0,0,1,1,-1,1]}},{"__type__":"cc.Node","_name":"obstacle copy","_parent":{"__id__":2},"_children":[{"__id__":13},{"__id__":14}],"_components":[{"__type__":"bf028kW9GJFkLd1gu6rioif","node":{"__id__":12},"objects":[{"__id__":13},{"__id__":14}]}],"_prefab":{"__type__":"cc.PrefabInfo","root":{"__id__":1},"asset":{"__uuid__":"b0THbRJGNGAYUJvujrB6x0"},"fileId":"4aodDoAjxJQ7+w6hNNMGT/"},"_trs":{"__type__":"TypedArray","ctor":"Float64Array","array":[900,-106.738,0,0,0,0,1,0.5,0.5,1]}},{"__type__":"cc.Node","_name":"up","_parent":{"__id__":12},"_components":[{"__type__":"cc.Sprite","node":{"__id__":13},"_materials":[{"__uuid__":"ecpdLyjvZBwrvm+cedCcQy"}],"_spriteFrame":{"__uuid__":"52K14iMnNBloYBz50ImIxu"}},{"__type__":"cc.BoxCollider","node":{"__id__":13},"_offset":{"__type__":"cc.Vec2","y":443.5},"_size":{"__type__":"cc.Size","width":160,"height":887}}],"_prefab":{"__type__":"cc.PrefabInfo","root":{"__id__":1},"asset":{"__uuid__":"b0THbRJGNGAYUJvujrB6x0"},"fileId":"0bXx8dtOxAX5PbdPDFoKPO"},"_contentSize":{"__type__":"cc.Size","width":160,"height":887},"_anchorPoint":{"__type__":"cc.Vec2","x":0.5},"_trs":{"__type__":"TypedArray","ctor":"Float64Array","array":[0,350,0,0,0,0,1,1,1,1]}},{"__type__":"cc.Node","_name":"down","_parent":{"__id__":12},"_components":[{"__type__":"cc.Sprite","node":{"__id__":14},"_materials":[{"__uuid__":"ecpdLyjvZBwrvm+cedCcQy"}],"_spriteFrame":{"__uuid__":"52K14iMnNBloYBz50ImIxu"}},{"__type__":"cc.BoxCollider","node":{"__id__":14},"_offset":{"__type__":"cc.Vec2","y":443.5},"_size":{"__type__":"cc.Size","width":160,"height":887}}],"_prefab":{"__type__":"cc.PrefabInfo","root":{"__id__":1},"asset":{"__uuid__":"b0THbRJGNGAYUJvujrB6x0"},"fileId":"7cL6OQMFRC0b6PtiJQI0/F"},"_contentSize":{"__type__":"cc.Size","width":160,"height":887},"_anchorPoint":{"__type__":"cc.Vec2","x":0.5},"_trs":{"__type__":"TypedArray","ctor":"Float64Array","array":[0,-100,0,0,0,0,1,1,-1,1]}},{"__type__":"cc.Node","_name":"obstacle copy","_parent":{"__id__":2},"_children":[{"__id__":16},{"__id__":17}],"_components":[{"__type__":"bf028kW9GJFkLd1gu6rioif","node":{"__id__":15},"objects":[{"__id__":16},{"__id__":17}]}],"_prefab":{"__type__":"cc.PrefabInfo","root":{"__id__":1},"asset":{"__uuid__":"b0THbRJGNGAYUJvujrB6x0"},"fileId":"c0DFaZVX1EtIf+h/ymK+os"},"_trs":{"__type__":"TypedArray","ctor":"Float64Array","array":[1200,-23.53,0,0,0,0,1,0.5,0.5,1]}},{"__type__":"cc.Node","_name":"up","_parent":{"__id__":15},"_components":[{"__type__":"cc.Sprite","node":{"__id__":16},"_materials":[{"__uuid__":"ecpdLyjvZBwrvm+cedCcQy"}],"_spriteFrame":{"__uuid__":"52K14iMnNBloYBz50ImIxu"}},{"__type__":"cc.BoxCollider","node":{"__id__":16},"_offset":{"__type__":"cc.Vec2","y":443.5},"_size":{"__type__":"cc.Size","width":160,"height":887}}],"_prefab":{"__type__":"cc.PrefabInfo","root":{"__id__":1},"asset":{"__uuid__":"b0THbRJGNGAYUJvujrB6x0"},"fileId":"73meY8wLhLbZUB4bSEC6vk"},"_contentSize":{"__type__":"cc.Size","width":160,"height":887},"_anchorPoint":{"__type__":"cc.Vec2","x":0.5},"_trs":{"__type__":"TypedArray","ctor":"Float64Array","array":[0,350,0,0,0,0,1,1,1,1]}},{"__type__":"cc.Node","_name":"down","_parent":{"__id__":15},"_components":[{"__type__":"cc.Sprite","node":{"__id__":17},"_materials":[{"__uuid__":"ecpdLyjvZBwrvm+cedCcQy"}],"_spriteFrame":{"__uuid__":"52K14iMnNBloYBz50ImIxu"}},{"__type__":"cc.BoxCollider","node":{"__id__":17},"_offset":{"__type__":"cc.Vec2","y":443.5},"_size":{"__type__":"cc.Size","width":160,"height":887}}],"_prefab":{"__type__":"cc.PrefabInfo","root":{"__id__":1},"asset":{"__uuid__":"b0THbRJGNGAYUJvujrB6x0"},"fileId":"b7CGzgYtpP8r0d14ENGkaU"},"_contentSize":{"__type__":"cc.Size","width":160,"height":887},"_anchorPoint":{"__type__":"cc.Vec2","x":0.5},"_trs":{"__type__":"TypedArray","ctor":"Float64Array","array":[0,-100,0,0,0,0,1,1,-1,1]}},{"__type__":"cc.Node","_name":"goal","_parent":{"__id__":1},"_prefab":{"__type__":"cc.PrefabInfo","root":{"__id__":1},"asset":{"__uuid__":"b0THbRJGNGAYUJvujrB6x0"},"fileId":"dfSktGMV1M95cj3rz0ACxy"},"_contentSize":{"__type__":"cc.Size","width":50,"height":2000},"_trs":{"__type__":"TypedArray","ctor":"Float64Array","array":[1635.211,0,0,0,0,0,1,1,1,1]}}]