[{"__type__":"cc.Prefab","_name":"bird_died","data":{"__id__":1}},{"__type__":"cc.Node","_name":"bird_died","_children":[{"__id__":2}],"_components":[{"__type__":"328ffW6cZxEKpz65Z5b3wtI","node":{"__id__":1},"main":{"__id__":3},"atlast":{"__uuid__":"23DKOF479CoLlVxDBbNap3"},"prefix":"bird_died_0","keys":"1,2,3,4","loop":false},{"__type__":"fbbe1PP8VJPApR8ajGaIyvy","node":{"__id__":1}}],"_prefab":{"__type__":"cc.PrefabInfo","root":{"__id__":1},"asset":{"__uuid__":"e0rgjehupKno7caHTj85u3"},"fileId":"409payCGBCo4M4FDFN0+tx"},"_trs":{"__type__":"TypedArray","ctor":"Float64Array","array":[0,0,0,0,0,0,1,1,1,1]}},{"__type__":"cc.Node","_name":"image","_parent":{"__id__":1},"_components":[{"__id__":3}],"_prefab":{"__type__":"cc.PrefabInfo","root":{"__id__":1},"asset":{"__uuid__":"e0rgjehupKno7caHTj85u3"},"fileId":"906y18PDZMMrQaLmRZcMln"},"_contentSize":{"__type__":"cc.Size","width":110,"height":94},"_trs":{"__type__":"TypedArray","ctor":"Float64Array","array":[0,0,0,0,0,0,1,1,1,1]}},{"__type__":"cc.Sprite","node":{"__id__":2},"_materials":[{"__uuid__":"ecpdLyjvZBwrvm+cedCcQy"}],"_spriteFrame":{"__uuid__":"0dqNR+7dVMMaoXsee6Abft"}}]