[{"__type__":"cc.Prefab","_name":"bird - 2","data":{"__id__":1}},{"__type__":"cc.Node","_name":"bird_yellow","_children":[{"__id__":2}],"_components":[{"__type__":"328ffW6cZxEKpz65Z5b3wtI","node":{"__id__":1},"main":{"__id__":3},"atlast":{"__uuid__":"23DKOF479CoLlVxDBbNap3"},"prefix":"bird_yellow_0","keys":"1,2,3,4,5,6"},{"__type__":"fbbe1PP8VJPApR8ajGaIyvy","node":{"__id__":1}},{"__type__":"cc.PolygonCollider","node":{"__id__":1},"points":[{"__type__":"cc.Vec2","x":-102.2,"y":-66},{"__type__":"cc.Vec2","x":12.3,"y":-100.8},{"__type__":"cc.Vec2","x":93,"y":-59.9},{"__type__":"cc.Vec2","x":107.7,"y":-25.5},{"__type__":"cc.Vec2","x":93.5,"y":93.5},{"__type__":"cc.Vec2","x":-70.3,"y":73.2},{"__type__":"cc.Vec2","x":-92.9,"y":44.1}]}],"_prefab":{"__type__":"cc.PrefabInfo","root":{"__id__":1},"asset":{"__uuid__":"e4tMCHSpxNLqHSXyvv/n+Y"},"fileId":"409payCGBCo4M4FDFN0+tx"},"_trs":{"__type__":"TypedArray","ctor":"Float64Array","array":[0,0,0,0,0,0,1,0.3,0.3,1]}},{"__type__":"cc.Node","_name":"image","_parent":{"__id__":1},"_components":[{"__id__":3}],"_prefab":{"__type__":"cc.PrefabInfo","root":{"__id__":1},"asset":{"__uuid__":"e4tMCHSpxNLqHSXyvv/n+Y"},"fileId":"906y18PDZMMrQaLmRZcMln"},"_color":{"__type__":"cc.Color","r":231,"g":66,"b":253},"_contentSize":{"__type__":"cc.Size","width":222,"height":191},"_trs":{"__type__":"TypedArray","ctor":"Float64Array","array":[0,0,0,0,0,0,1,1,1,1]}},{"__type__":"cc.Sprite","node":{"__id__":2},"_materials":[{"__uuid__":"ecpdLyjvZBwrvm+cedCcQy"}],"_spriteFrame":{"__uuid__":"44Nsm4qBBAaJN2rQsOnmhJ"}}]