[{"__type__":"cc.SpriteFrame","content":{"name":"default_btn_disabled","texture":"71VhFCTINJM6/Ky3oX9nBT","rect":[0,0,40,40],"offset":[0,0],"originalSize":[40,40],"capInsets":[12,12,12,12]}},[{"__type__":"cc.SceneAsset","_name":"ShopScene","scene":{"__id__":1},"asyncLoadAssets":null},{"__type__":"cc.Scene","_name":"New Node","_children":[{"__id__":2}],"_active":false,"_anchorPoint":{"__type__":"cc.Vec2"},"_trs":{"__type__":"TypedArray","ctor":"Float64Array","array":[0,0,0,0,0,0,1,1,1,1]}},{"__type__":"cc.Node","_name":"Canvas","_parent":{"__id__":1},"_children":[{"__id__":3},{"__id__":4},{"__id__":5}],"_components":[{"__type__":"cc.Canvas","node":{"__id__":2},"_designResolution":{"__type__":"cc.Size","width":480,"height":640},"_fitWidth":true,"_fitHeight":false},{"__type__":"cc.Widget","node":{"__id__":2},"_alignFlags":45}],"_contentSize":{"__type__":"cc.Size","width":480,"height":640},"_trs":{"__type__":"TypedArray","ctor":"Float64Array","array":[240,320,0,0,0,0,1,1,1,1]},"_id":"69rBI64ydPp5SQm4nWOvan"},{"__type__":"cc.Node","_name":"Main Camera","_parent":{"__id__":2},"_components":[{"__type__":"cc.Camera","node":{"__id__":3},"_clearFlags":7,"_depth":-1}],"_trs":{"__type__":"TypedArray","ctor":"Float64Array","array":[0,0,359.4005425705421,0,0,0,1,1,1,1]}},{"__type__":"cc.Node","_name":"Sky","_parent":{"__id__":2},"_components":[{"__type__":"cc.Sprite","node":{"__id__":4},"_materials":[{"__uuid__":"ecpdLyjvZBwrvm+cedCcQy"}],"_spriteFrame":{"__uuid__":"a0KT8QVgpICZyVDR5Yxkx/"},"_sizeMode":0}],"_color":{"__type__":"cc.Color","r":68,"g":95,"b":236},"_contentSize":{"__type__":"cc.Size","width":480,"height":640},"_trs":{"__type__":"TypedArray","ctor":"Float64Array","array":[0,0,0,0,0,0,1,1,1,1]}},{"__type__":"cc.Node","_name":"ShopScene","_parent":{"__id__":2},"_children":[{"__id__":6},{"__id__":9},{"__id__":18}],"_components":[{"__type__":"cc.Widget","node":{"__id__":5},"_alignFlags":45},{"__type__":"179b0s4A8BNV6HqucpydecU","node":{"__id__":5},"itemContainer":{"__id__":11},"snappedScrollView":{"__id__":17}}],"_contentSize":{"__type__":"cc.Size","width":480,"height":640},"_trs":{"__type__":"TypedArray","ctor":"Float64Array","array":[0,0,0,0,0,0,1,1,1,1]}},{"__type__":"cc.Node","_name":"Title","_parent":{"__id__":5},"_children":[{"__id__":7},{"__id__":8}],"_components":[{"__type__":"cc.Sprite","node":{"__id__":6},"_materials":[{"__uuid__":"ecpdLyjvZBwrvm+cedCcQy"}],"_spriteFrame":{"__uuid__":"c65J0TkK9LOoMQc8DRv0LM"}},{"__type__":"cc.Widget","node":{"__id__":6},"_alignFlags":1,"_top":40}],"_contentSize":{"__type__":"cc.Size","width":734,"height":385},"_trs":{"__type__":"TypedArray","ctor":"Float64Array","array":[0,183.75,0,0,0,0,1,0.5,0.5,1]}},{"__type__":"cc.Node","_name":"red-bird","_parent":{"__id__":6},"_components":[{"__type__":"cc.Sprite","node":{"__id__":7},"_materials":[{"__uuid__":"ecpdLyjvZBwrvm+cedCcQy"}],"_spriteFrame":{"__uuid__":"0ak8meLOtCTL/olA6ZI37G"}}],"_contentSize":{"__type__":"cc.Size","width":299,"height":221},"_trs":{"__type__":"TypedArray","ctor":"Float64Array","array":[395.948,-116.054,0,0,0,0,1,1,1,1]}},{"__type__":"cc.Node","_name":"yello-bird","_parent":{"__id__":6},"_components":[{"__type__":"cc.Sprite","node":{"__id__":8},"_materials":[{"__uuid__":"ecpdLyjvZBwrvm+cedCcQy"}],"_spriteFrame":{"__uuid__":"48NoQgwCxCC6zPa2NxemMo"}}],"_contentSize":{"__type__":"cc.Size","width":204,"height":179},"_trs":{"__type__":"TypedArray","ctor":"Float64Array","array":[-392.534,75.094,0,0,0,0,1,1,1,1]}},{"__type__":"cc.Node","_name":"New ScrollView","_parent":{"__id__":5},"_children":[{"__id__":10}],"_components":[{"__type__":"cc.ScrollView","node":{"__id__":9},"vertical":false,"brake":0.9,"bounceDuration":0.23,"scrollEvents":[{"__type__":"cc.ClickEvent","target":{"__id__":9},"_componentId":"88f35yp4gVJx5issaTrBJYj","handler":"onScroll"}],"_N$content":{"__id__":11},"content":{"__id__":11},"_N$horizontalScrollBar":null,"_N$verticalScrollBar":null},{"__type__":"cc.Sprite","node":{"__id__":9},"_enabled":false,"_materials":[{"__uuid__":"ecpdLyjvZBwrvm+cedCcQy"}],"_spriteFrame":{"__uuid__":"a2MjXRFdtLlYQ5ouAFv/+R"},"_sizeMode":0},{"__id__":17}],"_contentSize":{"__type__":"cc.Size","width":375,"height":250},"_trs":{"__type__":"TypedArray","ctor":"Float64Array","array":[0,-66.475,0,0,0,0,1,1,1,1]}},{"__type__":"cc.Node","_name":"view","_parent":{"__id__":9},"_children":[{"__id__":11}],"_components":[{"__type__":"cc.Mask","node":{"__id__":10},"_materials":[{"__uuid__":"ecpdLyjvZBwrvm+cedCcQy"}],"_N$alphaThreshold":0},{"__type__":"cc.Widget","node":{"__id__":10},"_alignFlags":45,"_originalWidth":240,"_originalHeight":250}],"_contentSize":{"__type__":"cc.Size","width":375,"height":250},"_trs":{"__type__":"TypedArray","ctor":"Float64Array","array":[0,0,0,0,0,0,1,1,1,1]}},{"__type__":"cc.Node","_name":"content","_parent":{"__id__":10},"_children":[{"__id__":12},{"__id__":13},{"__id__":14},{"__id__":15},{"__id__":16}],"_components":[{"__type__":"cc.Layout","node":{"__id__":11},"_layoutSize":{"__type__":"cc.Size","width":615,"height":400},"_resize":1,"_N$layoutType":1,"_N$paddingLeft":10,"_N$paddingRight":10,"_N$spacingX":10,"_N$affectedByScale":true},{"__type__":"cc.Widget","node":{"__id__":11},"_alignFlags":8}],"_contentSize":{"__type__":"cc.Size","width":615,"height":400},"_trs":{"__type__":"TypedArray","ctor":"Float64Array","array":[120,0,0,0,0,0,1,1,1,1]}},{"__type__":"cc.Node","_name":"image","_parent":{"__id__":11},"_components":[{"__type__":"cc.Sprite","node":{"__id__":12},"_materials":[{"__uuid__":"ecpdLyjvZBwrvm+cedCcQy"}],"_spriteFrame":{"__uuid__":"44Nsm4qBBAaJN2rQsOnmhJ"}},{"__type__":"cc.Button","node":{"__id__":12},"zoomScale":1.1,"clickEvents":[{"__type__":"cc.ClickEvent","target":{"__id__":12},"_componentId":"7623bFV8/RKwJIj2sPJZ5dd","handler":"onPressedPlayerItem"}],"_N$transition":3,"transition":3},{"__type__":"7623bFV8/RKwJIj2sPJZ5dd","node":{"__id__":12}}],"_color":{"__type__":"cc.Color","r":231,"g":253,"b":113},"_contentSize":{"__type__":"cc.Size","width":222,"height":191},"_trs":{"__type__":"TypedArray","ctor":"Float64Array","array":[-242,0,0,0,0,0,1,0.5,0.5,1]}},{"__type__":"cc.Node","_name":"image","_parent":{"__id__":11},"_components":[{"__type__":"cc.Sprite","node":{"__id__":13},"_materials":[{"__uuid__":"ecpdLyjvZBwrvm+cedCcQy"}],"_spriteFrame":{"__uuid__":"44Nsm4qBBAaJN2rQsOnmhJ"}},{"__type__":"cc.Button","node":{"__id__":13},"zoomScale":1.1,"clickEvents":[{"__type__":"cc.ClickEvent","target":{"__id__":13},"_componentId":"7623bFV8/RKwJIj2sPJZ5dd","handler":"onPressedPlayerItem"}],"_N$transition":3,"transition":3},{"__type__":"7623bFV8/RKwJIj2sPJZ5dd","node":{"__id__":13}}],"_color":{"__type__":"cc.Color","r":231,"g":66,"b":253},"_contentSize":{"__type__":"cc.Size","width":222,"height":191},"_trs":{"__type__":"TypedArray","ctor":"Float64Array","array":[-121,0,0,0,0,0,1,0.5,0.5,0]}},{"__type__":"cc.Node","_name":"image","_parent":{"__id__":11},"_components":[{"__type__":"cc.Sprite","node":{"__id__":14},"_materials":[{"__uuid__":"ecpdLyjvZBwrvm+cedCcQy"}],"_spriteFrame":{"__uuid__":"44Nsm4qBBAaJN2rQsOnmhJ"}},{"__type__":"cc.Button","node":{"__id__":14},"zoomScale":1.1,"clickEvents":[{"__type__":"cc.ClickEvent","target":{"__id__":14},"_componentId":"7623bFV8/RKwJIj2sPJZ5dd","handler":"onPressedPlayerItem"}],"_N$transition":3,"transition":3},{"__type__":"7623bFV8/RKwJIj2sPJZ5dd","node":{"__id__":14}}],"_color":{"__type__":"cc.Color","r":66,"g":72,"b":235},"_contentSize":{"__type__":"cc.Size","width":222,"height":191},"_trs":{"__type__":"TypedArray","ctor":"Float64Array","array":[0,0,0,0,0,0,1,0.5,0.5,0]}},{"__type__":"cc.Node","_name":"image","_parent":{"__id__":11},"_components":[{"__type__":"cc.Sprite","node":{"__id__":15},"_materials":[{"__uuid__":"ecpdLyjvZBwrvm+cedCcQy"}],"_spriteFrame":{"__uuid__":"44Nsm4qBBAaJN2rQsOnmhJ"}},{"__type__":"cc.Button","node":{"__id__":15},"zoomScale":1.1,"clickEvents":[{"__type__":"cc.ClickEvent","target":{"__id__":15},"_componentId":"7623bFV8/RKwJIj2sPJZ5dd","handler":"onPressedPlayerItem"}],"_N$transition":3,"transition":3},{"__type__":"7623bFV8/RKwJIj2sPJZ5dd","node":{"__id__":15}}],"_color":{"__type__":"cc.Color","r":252,"g":132,"b":2},"_contentSize":{"__type__":"cc.Size","width":222,"height":191},"_trs":{"__type__":"TypedArray","ctor":"Float64Array","array":[121,0,0,0,0,0,1,0.5,0.5,0]}},{"__type__":"cc.Node","_name":"image","_parent":{"__id__":11},"_components":[{"__type__":"cc.Sprite","node":{"__id__":16},"_materials":[{"__uuid__":"ecpdLyjvZBwrvm+cedCcQy"}],"_spriteFrame":{"__uuid__":"44Nsm4qBBAaJN2rQsOnmhJ"}},{"__type__":"cc.Button","node":{"__id__":16},"zoomScale":1.1,"clickEvents":[{"__type__":"cc.ClickEvent","target":{"__id__":16},"_componentId":"7623bFV8/RKwJIj2sPJZ5dd","handler":"onPressedPlayerItem"}],"_N$transition":3,"transition":3},{"__type__":"7623bFV8/RKwJIj2sPJZ5dd","node":{"__id__":16}}],"_color":{"__type__":"cc.Color","g":255,"b":92},"_contentSize":{"__type__":"cc.Size","width":222,"height":191},"_trs":{"__type__":"TypedArray","ctor":"Float64Array","array":[242,0,0,0,0,0,1,0.5,0.5,0]}},{"__type__":"88f35yp4gVJx5issaTrBJYj","node":{"__id__":9},"itemSize":111,"selectedItemSize":111},{"__type__":"cc.Node","_name":"back","_parent":{"__id__":5},"_children":[{"__id__":19}],"_components":[{"__type__":"cc.Button","node":{"__id__":18},"clickEvents":[{"__type__":"cc.ClickEvent","target":{"__id__":5},"_componentId":"179b0s4A8BNV6HqucpydecU","handler":"onPressedBack","customEventData":"-1"}],"_N$transition":2,"transition":2,"_N$normalColor":{"__type__":"cc.Color","r":230,"g":230,"b":230},"_N$pressedColor":{"__type__":"cc.Color","r":200,"g":200,"b":200},"pressedColor":{"__type__":"cc.Color","r":200,"g":200,"b":200},"_N$disabledColor":{"__type__":"cc.Color","r":120,"g":120,"b":120,"a":200},"_N$normalSprite":{"__uuid__":"f0BIwQ8D5Ml7nTNQbh1YlS"},"_N$pressedSprite":{"__uuid__":"e97GVMl6JHh5Ml5qEDdSGa"},"pressedSprite":{"__uuid__":"e97GVMl6JHh5Ml5qEDdSGa"},"_N$hoverSprite":{"__uuid__":"f0BIwQ8D5Ml7nTNQbh1YlS"},"hoverSprite":{"__uuid__":"f0BIwQ8D5Ml7nTNQbh1YlS"},"_N$disabledSprite":{"__uuid__":"29FYIk+N1GYaeWH/q1NxQO"},"_N$target":{"__id__":19}},{"__type__":"cc.Widget","node":{"__id__":18},"_alignFlags":12,"_left":10,"_right":10,"_top":10,"_bottom":10,"_originalHeight":50}],"_contentSize":{"__type__":"cc.Size","width":50,"height":50},"_trs":{"__type__":"TypedArray","ctor":"Float64Array","array":[-205,-285,0,0,0,0,1,1,1,1]}},{"__type__":"cc.Node","_name":"Background","_objFlags":512,"_parent":{"__id__":18},"_children":[{"__id__":20}],"_components":[{"__type__":"cc.Sprite","node":{"__id__":19},"_materials":[{"__uuid__":"ecpdLyjvZBwrvm+cedCcQy"}],"_spriteFrame":{"__uuid__":"f0BIwQ8D5Ml7nTNQbh1YlS"},"_type":1,"_sizeMode":0},{"__type__":"cc.Widget","node":{"__id__":19},"alignMode":0,"_alignFlags":45,"_originalWidth":100,"_originalHeight":40}],"_contentSize":{"__type__":"cc.Size","width":50,"height":50},"_trs":{"__type__":"TypedArray","ctor":"Float64Array","array":[0,0,0,0,0,0,1,1,1,1]}},{"__type__":"cc.Node","_name":"Label","_objFlags":512,"_parent":{"__id__":19},"_components":[{"__type__":"cc.Label","node":{"__id__":20},"_materials":[{"__uuid__":"ecpdLyjvZBwrvm+cedCcQy"}],"_useOriginalSize":false,"_string":"<","_N$string":"<","_lineHeight":80,"_enableWrapText":false,"_N$horizontalAlign":1,"_N$verticalAlign":1,"_N$overflow":1,"_N$cacheMode":1}],"_color":{"__type__":"cc.Color"},"_contentSize":{"__type__":"cc.Size","width":100,"height":40},"_trs":{"__type__":"TypedArray","ctor":"Float64Array","array":[0,0,0,0,0,0,1,1,1,1]}}],{"__type__":"cc.SpriteFrame","content":{"name":"Sky","texture":"084WjqJLhEIpJF2hq8idaJ","rect":[0,0,2048,2732],"offset":[0,0],"originalSize":[2048,2732],"capInsets":[0,0,0,0]}},{"__type__":"cc.SpriteFrame","content":{"name":"default_sprite_splash","texture":"02delMVqdBD70a/HSD99FK","rect":[0,0,2,2],"offset":[0,0],"originalSize":[2,2],"capInsets":[0,0,0,0]}},{"__type__":"cc.SpriteFrame","content":{"name":"default_btn_pressed","texture":"b4P/PCArtIdIH38t6mlw8Y","rect":[0,0,40,40],"offset":[0,0],"originalSize":[40,40],"capInsets":[12,12,12,12]}},{"__type__":"cc.SpriteFrame","content":{"name":"default_btn_normal","texture":"e8Ueib+qJEhL6mXAHdnwbi","rect":[0,0,40,40],"offset":[0,0],"originalSize":[40,40],"capInsets":[12,12,12,12]}}]